                  epoch,         train/box_loss,         train/seg_loss,         train/cls_loss,         train/dfl_loss,   metrics/precision(B),      metrics/recall(B),       metrics/mAP50(B),    metrics/mAP50-95(B),   metrics/precision(M),      metrics/recall(M),       metrics/mAP50(M),    metrics/mAP50-95(M),           val/box_loss,           val/seg_loss,           val/cls_loss,           val/dfl_loss,                 lr/pg0,                 lr/pg1,                 lr/pg2
                      1,                 2.6175,                 3.5038,                 3.4946,                 1.2973,                   0.08,                0.30769,                0.05363,                0.01935,                0.09833,                0.37821,                0.07117,                0.02756,                 2.0826,                 2.4097,                 3.4551,                 1.0309,                0.00016,                0.00016,                0.00016
                      2,                 1.9034,                 2.3212,                 2.9011,                 0.9372,                0.14833,                0.57051,                 0.1269,                0.05708,                0.14833,                0.57051,                0.15279,                0.06444,                 1.6512,                 1.7099,                 3.4116,                0.94559,             0.00033888,             0.00033888,             0.00033888
                      3,                 1.7398,                 2.0211,                 1.9761,                0.90595,                0.17667,                0.67949,                0.15758,                0.07735,                0.15833,                0.60897,                0.13934,                0.06563,                 1.4983,                  1.714,                 3.3805,                0.90881,             0.00051657,             0.00051657,             0.00051657
                      4,                 1.7509,                 2.0161,                 1.4347,                 0.9023,                   0.18,                0.69231,                0.17893,                0.08199,                0.17667,                0.67949,                0.17245,                0.07599,                 1.5529,                 1.8135,                 3.3637,                0.91341,             0.00069307,             0.00069307,             0.00069307
                      5,                 1.6924,                 1.9234,                 1.1031,                0.90255,                0.17667,                0.67949,                0.18396,                0.07104,                   0.19,                0.73077,                0.22804,                0.09591,                 1.5056,                 1.6752,                 3.3952,                0.91265,             0.00086838,             0.00086838,             0.00086838
                      6,                  1.675,                  1.906,                 1.0982,                0.91755,                   0.16,                0.61538,                0.16454,                0.05768,                   0.18,                0.69231,                0.21912,                0.09085,                 1.7009,                 1.7501,                 3.3732,                0.93538,              0.0010425,              0.0010425,              0.0010425
                      7,                 1.6353,                 1.9824,                 1.0936,                0.91246,                   0.17,                0.65385,                0.16905,                0.07279,                0.17667,                0.67949,                0.18012,                0.07989,                 1.6277,                 1.9212,                 3.2705,                0.92351,              0.0012154,              0.0012154,              0.0012154
                      8,                 1.5883,                  2.114,                 1.0372,                0.92042,                0.14833,                0.57051,                0.14278,                  0.067,                  0.155,                0.59615,                0.15021,                0.06468,                 1.5739,                 1.7885,                 3.2116,                0.93149,              0.0013872,              0.0013872,              0.0013872
                      9,                 1.5571,                 1.8869,                  1.009,                0.93146,                0.16167,                0.62179,                 0.1615,                0.07697,                0.16167,                0.62179,                0.15842,                0.06497,                 1.3869,                 1.7264,                 3.1389,                0.90766,              0.0015578,              0.0015578,              0.0015578
                     10,                 1.6073,                 1.9482,                0.94329,                  0.901,                0.15333,                0.58974,                0.15055,                0.07344,                0.15167,                0.58333,                0.14383,                0.05523,                 1.5728,                 1.8777,                 3.0797,                0.92836,              0.0017271,              0.0017271,              0.0017271
                     11,                 1.5896,                 2.1171,                0.90105,                0.89576,                0.20167,                0.77564,                0.50097,                0.28324,                0.19333,                0.74359,                0.47886,                0.24844,                 1.4078,                 1.6799,                 2.6714,                0.90086,              0.0018953,              0.0018953,              0.0018953
                     12,                 1.7133,                 1.9792,                0.95105,                0.92884,                   0.21,                0.80769,                0.58765,                0.25979,                   0.19,                0.73077,                0.49967,                 0.1563,                 1.4021,                 1.8712,                 2.5625,                0.89712,              0.0019274,              0.0019274,              0.0019274
                     13,                 1.6796,                 2.0358,                0.96248,                0.90945,                  0.215,                0.82692,                0.71734,                0.38638,                0.20833,                0.80128,                0.63585,                0.26658,                 1.3727,                  1.821,                 2.1777,                0.90092,              0.0019208,              0.0019208,              0.0019208
                     14,                 1.5215,                 1.9754,                0.90083,                0.91283,                0.92997,                 0.5108,                0.72595,                0.41086,                 0.9183,                0.50439,                0.70559,                0.36118,                 1.3583,                 1.6933,                 1.7913,                0.92015,              0.0019142,              0.0019142,              0.0019142
                     15,                 1.7034,                  2.166,                0.92728,                0.93265,                0.84855,                0.53872,                0.71417,                0.39829,                0.81826,                0.51949,                 0.6666,                0.33161,                 1.5043,                 1.6491,                 1.5615,                0.94576,              0.0019076,              0.0019076,              0.0019076
                     16,                  1.572,                 2.0045,                0.92114,                0.91514,                0.87413,                0.57872,                0.76138,                0.42032,                0.80523,                0.53003,                0.66723,                0.27567,                 1.5736,                 1.7797,                 1.5291,                0.93066,               0.001901,               0.001901,               0.001901
                     17,                 1.5153,                 1.9187,                0.88208,                0.91705,                0.81089,                0.73077,                0.83324,                0.48783,                0.75399,                0.67949,                 0.7331,                0.31657,                 1.3964,                 1.6989,                 1.4397,                0.90008,              0.0018944,              0.0018944,              0.0018944
                     18,                 1.5252,                 1.8448,                0.85893,                0.90607,                 0.7651,                0.73076,                 0.8144,                0.46249,                0.72945,                0.63947,                  0.711,                0.33214,                 1.4085,                 1.7398,                 1.3697,                0.90446,              0.0018878,              0.0018878,              0.0018878
                     19,                 1.6185,                 1.9822,                0.87821,                 0.8956,                0.84513,                0.80769,                0.87419,                0.51609,                0.76102,                0.71445,                0.77407,                0.34415,                 1.3559,                 1.5845,                 1.1024,                0.89163,              0.0018812,              0.0018812,              0.0018812
                     20,                 1.5293,                 1.7826,                 0.8513,                0.90038,                0.84492,                0.77564,                0.85631,                0.53426,                0.78839,                0.71154,                 0.7941,                0.38732,                 1.3085,                 1.5206,                0.99325,                 0.8853,              0.0018746,              0.0018746,              0.0018746
                     21,                 1.5732,                 1.9813,                0.84865,                0.91063,                0.84774,                0.78519,                0.85177,                0.48332,                0.75158,                0.66026,                0.73849,                0.32766,                 1.4277,                 1.8614,                0.94891,                0.89676,               0.001868,               0.001868,               0.001868
                     22,                 1.4848,                 1.9028,                0.83549,                0.90148,                0.81423,                0.78205,                0.82953,                0.50089,                0.72076,                0.67949,                0.72718,                0.31087,                 1.3677,                  1.625,                0.88643,                0.90035,              0.0018614,              0.0018614,              0.0018614
                     23,                 1.4594,                 1.7907,                0.79963,                0.88746,                0.84039,                0.76282,                0.83057,                0.51613,                0.79966,                0.72436,                 0.7741,                0.37973,                 1.3078,                 1.6172,                0.80859,                  0.901,              0.0018548,              0.0018548,              0.0018548
                     24,                 1.4693,                 1.8371,                0.80779,                0.89296,                0.81928,                0.77564,                 0.8463,                0.51818,                0.76485,                0.70893,                0.75935,                 0.3554,                 1.3134,                 1.6252,                0.78984,                0.88825,              0.0018482,              0.0018482,              0.0018482
                     25,                  1.435,                 1.7261,                0.78589,                0.88262,                0.83609,                0.76282,                 0.8552,                0.53156,                 0.7885,                0.71697,                0.77971,                0.34219,                 1.2892,                 1.6375,                0.76476,                0.88314,              0.0018416,              0.0018416,              0.0018416
                     26,                   1.42,                 1.6964,                0.78409,                0.88707,                0.87166,                0.76923,                0.87346,                0.56899,                0.81714,                0.71614,                0.79386,                0.34649,                 1.2258,                 1.5767,                0.73323,                0.87992,               0.001835,               0.001835,               0.001835
                     27,                 1.4339,                 1.6948,                0.76712,                0.88861,                0.84749,                0.78366,                0.87644,                0.52612,                0.83229,                0.66807,                0.77032,                0.32651,                 1.3331,                  1.528,                0.73233,                0.89239,              0.0018284,              0.0018284,              0.0018284
                     28,                 1.3947,                 1.7385,                0.77028,                0.88528,                0.84957,                0.78205,                0.85661,                0.53518,                0.84772,                0.69872,                0.79349,                0.37754,                 1.2693,                  1.628,                0.71988,                0.88314,              0.0018218,              0.0018218,              0.0018218
                     29,                 1.3765,                 1.6622,                0.73742,                0.87516,                0.86449,                0.78205,                0.86171,                0.54026,                0.82306,                0.68584,                0.75386,                0.35449,                 1.2195,                 1.5913,                0.71185,                0.88017,              0.0018152,              0.0018152,              0.0018152
                     30,                 1.3429,                 1.6255,                0.73525,                0.88392,                0.84648,                 0.7776,                0.84854,                0.52374,                0.80408,                0.71154,                0.75379,                0.35428,                 1.2757,                 1.6391,                0.71476,                0.88817,              0.0018086,              0.0018086,              0.0018086
                     31,                 1.3967,                 1.7429,                0.74892,                0.88847,                0.86666,                0.74993,                0.85095,                0.54062,                0.80224,                0.67308,                   0.74,                0.36318,                 1.2295,                 1.5234,                0.71272,                0.88256,               0.001802,               0.001802,               0.001802
                     32,                 1.3663,                 1.6478,                0.73198,                 0.8715,                0.87951,                0.78846,                0.87518,                0.57329,                0.83392,                0.74359,                0.79694,                0.38539,                 1.1473,                 1.4454,                0.68711,                0.87217,              0.0017954,              0.0017954,              0.0017954
                     33,                 1.3816,                 1.7285,                0.75715,                0.88136,                0.88227,                0.76865,                 0.8711,                0.55285,                 0.8055,                0.71154,                0.77722,                0.37421,                  1.215,                 1.5844,                0.68558,                0.87922,              0.0017888,              0.0017888,              0.0017888
                     34,                 1.3892,                 1.6406,                0.73196,                0.87274,                 0.8769,                0.76923,                0.87138,                0.51214,                0.79077,                0.69872,                0.77748,                0.35581,                 1.3856,                 1.5865,                0.71858,                0.89784,              0.0017822,              0.0017822,              0.0017822
                     35,                 1.4539,                 1.8111,                0.76537,                0.90094,                0.78379,                0.88305,                0.89419,                0.58104,                0.82338,                   0.75,                 0.8126,                0.36172,                 1.1793,                 1.4218,                0.67832,                0.88197,              0.0017756,              0.0017756,              0.0017756
                     36,                 1.4339,                 1.6845,                0.74218,                0.87577,                0.83485,                0.80128,                0.88336,                0.49446,                0.75784,                0.66026,                0.73611,                0.31306,                 1.4122,                 1.7266,                0.72867,                0.90588,               0.001769,               0.001769,               0.001769
                     37,                 1.4212,                 1.6969,                0.73424,                0.87009,                0.85789,                0.77399,                0.87239,                0.53277,                0.74998,                0.67301,                 0.7367,                0.31761,                 1.3037,                  1.599,                 0.6975,                0.89442,              0.0017624,              0.0017624,              0.0017624
                     38,                 1.4166,                 1.6825,                0.72908,                0.87686,                0.81956,                0.83333,                 0.8775,                0.58079,                0.79174,                0.73077,                0.79641,                0.38495,                 1.1858,                 1.4491,                0.68135,                0.88517,              0.0017558,              0.0017558,              0.0017558
                     39,                 1.4278,                  1.671,                0.73133,                0.88774,                0.87108,                0.80769,                0.88664,                0.59332,                0.83202,                0.76201,                 0.8358,                0.39272,                 1.1604,                 1.3954,                0.66256,                0.87683,              0.0017492,              0.0017492,              0.0017492
                     40,                 1.3723,                 1.6206,                0.73053,                 0.8803,                0.80024,                0.87821,                0.89581,                0.56241,                0.80915,                0.69872,                0.79126,                0.35388,                 1.2443,                 1.6115,                0.67401,                0.88147,              0.0017426,              0.0017426,              0.0017426
                     41,                 1.3626,                  1.607,                0.72452,                0.86972,                0.84618,                0.81106,                0.88625,                0.55071,                 0.8215,                0.71154,                0.80561,                0.36726,                 1.3099,                 1.5524,                0.68829,                0.88417,               0.001736,               0.001736,               0.001736
                     42,                 1.2793,                 1.5554,                0.69309,                0.86559,                0.85292,                0.83333,                0.90821,                0.58187,                0.78829,                0.71605,                0.80192,                0.35749,                 1.1441,                 1.4455,                0.65872,                0.86859,              0.0017294,              0.0017294,              0.0017294
                     43,                 1.3732,                 1.5985,                0.70644,                0.87917,                0.81409,                 0.8421,                0.90369,                0.58728,                0.84314,                0.72356,                0.81743,                0.37969,                 1.1921,                 1.5126,                0.65817,                0.87428,              0.0017228,              0.0017228,              0.0017228
                     44,                 1.3117,                 1.5888,                0.70736,                0.87256,                 0.8651,                0.82051,                0.89777,                0.54621,                0.78205,                0.71303,                  0.784,                0.31814,                 1.2859,                 1.4374,                0.66433,                 0.8837,              0.0017162,              0.0017162,              0.0017162
                     45,                  1.355,                 1.5859,                0.69244,                0.86219,                0.87044,                0.80128,                0.89913,                0.57383,                0.78214,                0.71795,                0.78833,                0.35631,                 1.2075,                 1.4026,                0.65185,                0.87275,              0.0017096,              0.0017096,              0.0017096
                     46,                 1.2673,                 1.5496,                0.66681,                0.86954,                0.86823,                 0.8025,                0.90634,                0.58231,                0.80432,                0.79487,                0.83705,                0.40075,                 1.1815,                 1.4349,                0.67315,                0.87769,               0.001703,               0.001703,               0.001703
                     47,                 1.3207,                 1.6055,                0.70171,                 0.8732,                 0.8789,                0.79091,                0.90173,                0.58129,                0.83884,                0.76742,                0.81972,                0.39635,                 1.1624,                 1.4202,                0.68841,                0.87621,              0.0016964,              0.0016964,              0.0016964
                     48,                 1.2617,                 1.5602,                0.67297,                0.86655,                0.87361,                0.79487,                0.89394,                0.55654,                0.80679,                0.72271,                0.78359,                 0.3542,                  1.237,                 1.5193,                0.68531,                0.88293,              0.0016898,              0.0016898,              0.0016898
                     49,                 1.3315,                 1.5906,                 0.7018,                0.86311,                0.86758,                0.80769,                0.90288,                 0.5574,                 0.7792,                0.70128,                0.79241,                0.35605,                 1.2458,                 1.5348,                 0.6775,                0.87943,              0.0016832,              0.0016832,              0.0016832
                     50,                 1.3909,                 1.6749,                0.69696,                0.86439,                0.82947,                0.84189,                0.89822,                0.58609,                0.77416,                0.73077,                0.80196,                0.38288,                 1.1541,                 1.4324,                0.64784,                0.86705,              0.0016766,              0.0016766,              0.0016766
                     51,                 1.2639,                 1.5275,                0.67438,                 0.8655,                0.84017,                 0.8141,                0.89526,                0.54488,                0.80232,                0.72848,                0.79551,                0.35687,                 1.2271,                 1.4997,                0.67244,                0.88141,                0.00167,                0.00167,                0.00167
                     52,                 1.3048,                 1.5562,                0.68574,                0.86463,                0.79337,                0.86143,                0.89076,                0.56346,                 0.7459,                0.74359,                0.80715,                0.35519,                 1.1999,                 1.4718,                0.64981,                0.88218,              0.0016634,              0.0016634,              0.0016634
                     53,                 1.3431,                 1.5723,                0.68392,                0.86717,                0.80863,                0.83965,                0.88606,                0.56681,                0.75969,                0.77564,                0.82343,                0.38971,                 1.2083,                 1.5227,                 0.6493,                0.88693,              0.0016568,              0.0016568,              0.0016568
                     54,                 1.2952,                 1.5744,                 0.6965,                 0.8738,                0.79681,                0.85256,                0.88988,                 0.5652,                0.85876,                0.67949,                0.78508,                0.36693,                 1.2249,                 1.4293,                0.65731,                0.88677,              0.0016502,              0.0016502,              0.0016502
                     55,                  1.281,                 1.4873,                0.66163,                 0.8601,                0.83905,                0.82051,                0.89361,                0.52968,                0.84592,                 0.6859,                0.78018,                0.33181,                 1.3879,                  1.526,                0.69878,                0.90708,              0.0016436,              0.0016436,              0.0016436
                     56,                 1.2558,                 1.5754,                0.65907,                0.86289,                0.87155,                0.80128,                0.90072,                0.54021,                0.71608,                0.74359,                0.78465,                0.34391,                 1.3401,                 1.5471,                0.66778,                0.90556,               0.001637,               0.001637,               0.001637
                     57,                 1.4167,                 1.6134,                0.72929,                0.86833,                 0.8303,                 0.8141,                0.89381,                0.53767,                0.80007,                0.64103,                0.75094,                0.31882,                 1.3582,                 1.4937,                0.67961,                0.90426,              0.0016304,              0.0016304,              0.0016304
                     58,                 1.2745,                 1.5164,                 0.6664,                0.85857,                0.79022,                0.89347,                0.90732,                 0.5785,                0.85251,                0.67949,                0.78197,                 0.3371,                 1.1998,                 1.4681,                0.65625,                0.88849,              0.0016238,              0.0016238,              0.0016238
                     59,                 1.3512,                 1.5191,                0.68834,                0.86833,                0.82767,                0.83974,                0.89297,                0.54136,                0.80684,                0.66941,                0.76712,                0.36636,                 1.3241,                 1.4417,                0.68323,                0.89238,              0.0016172,              0.0016172,              0.0016172
                     60,                  1.355,                 1.5459,                0.69395,                0.86655,                0.80108,                0.87773,                0.89937,                0.58502,                0.82071,                0.70424,                0.81794,                0.38224,                  1.189,                 1.3727,                0.65496,                0.87858,              0.0016106,              0.0016106,              0.0016106
                     61,                 1.3034,                 1.5799,                0.69307,                0.86935,                0.87914,                0.78846,                0.88875,                0.57232,                0.84679,                0.75641,                0.84965,                0.40152,                 1.2216,                 1.3904,                0.66292,                0.88192,               0.001604,               0.001604,               0.001604
                     62,                 1.3192,                 1.5707,                0.67441,                0.86871,                0.81511,                0.84782,                0.89883,                0.57017,                0.84621,                0.67949,                0.79481,                0.34753,                  1.211,                 1.6495,                0.64576,                0.88098,              0.0015974,              0.0015974,              0.0015974
                     63,                  1.285,                 1.5878,                0.66805,                0.85952,                0.78413,                0.86154,                0.90203,                 0.5759,                0.86627,                 0.6859,                0.78664,                0.32391,                 1.2047,                 1.5893,                0.65007,                0.88044,              0.0015908,              0.0015908,              0.0015908
                     64,                 1.3414,                 1.6172,                0.67207,                0.86265,                0.82137,                0.89103,                0.90207,                0.58412,                0.84898,                0.71154,                0.81276,                0.36081,                 1.2007,                 1.3863,                0.64009,                0.88667,              0.0015842,              0.0015842,              0.0015842
                     65,                 1.2613,                 1.5751,                0.66097,                0.87624,                 0.8037,                0.88462,                0.88991,                0.58773,                0.79295,                0.71196,                0.79301,                0.36219,                 1.1701,                 1.3895,                0.62199,                0.88625,              0.0015776,              0.0015776,              0.0015776
                     66,                 1.3035,                 1.5544,                0.72867,                0.86437,                0.78208,                0.89103,                0.89616,                0.56705,                0.69275,                0.78846,                0.76931,                0.34285,                 1.2504,                 1.5375,                0.64378,                0.89009,               0.001571,               0.001571,               0.001571
                     67,                 1.2679,                 1.5338,                0.63899,                0.86065,                 0.7841,                0.86538,                0.89789,                0.58231,                0.81935,                0.71154,                0.81149,                0.37295,                 1.1691,                  1.439,                0.63704,                0.87352,              0.0015644,              0.0015644,              0.0015644
                     68,                 1.2304,                 1.5064,                   0.64,                0.85736,                0.83787,                 0.8141,                0.90379,                0.56851,                0.87201,                0.66026,                0.79506,                 0.3613,                 1.2011,                 1.3993,                0.64098,                0.87393,              0.0015578,              0.0015578,              0.0015578
                     69,                 1.3016,                 1.5468,                0.65292,                0.85502,                0.79809,                0.83614,                0.89259,                0.58532,                0.87674,                0.66026,                0.79677,                0.37625,                 1.1795,                 1.3971,                0.63137,                0.87592,              0.0015512,              0.0015512,              0.0015512
                     70,                 1.2289,                 1.5428,                0.64019,                0.86409,                0.81564,                0.84615,                0.90075,                 0.5778,                0.80995,                0.72436,                0.82462,                0.36405,                 1.2226,                 1.4963,                0.66668,                0.88563,              0.0015446,              0.0015446,              0.0015446
                     71,                 1.3081,                 1.5071,                0.65499,                 0.8547,                0.79383,                0.87179,                0.90546,                0.57675,                0.72362,                0.77564,                0.80168,                0.34622,                 1.2081,                 1.5175,                0.66849,                0.88249,               0.001538,               0.001538,               0.001538
                     72,                 1.2453,                  1.521,                0.64442,                0.85979,                 0.7784,                0.90068,                 0.8953,                0.59984,                0.77076,                0.78846,                0.83321,                 0.3963,                 1.1538,                 1.3737,                0.63674,                0.87258,              0.0015314,              0.0015314,              0.0015314
                     73,                 1.2773,                 1.5439,                 0.6592,                 0.8537,                0.86369,                0.81237,                0.90045,                0.58061,                0.78458,                0.72436,                0.79841,                0.37954,                 1.2074,                 1.3558,                0.63282,                0.88267,              0.0015248,              0.0015248,              0.0015248
                     74,                 1.2069,                 1.4641,                0.63348,                0.85835,                0.78162,                0.89482,                0.90274,                0.58883,                 0.7803,                0.71154,                0.79835,                0.35838,                 1.1717,                 1.3837,                0.62837,                0.87774,              0.0015182,              0.0015182,              0.0015182
                     75,                  1.252,                 1.4915,                0.64396,                0.86581,                0.81943,                0.83974,                0.89592,                0.58998,                 0.7754,                0.79487,                0.85038,                0.40528,                  1.132,                 1.3014,                  0.626,                0.88124,              0.0015116,              0.0015116,              0.0015116
                     76,                 1.2454,                 1.4776,                0.63765,                 0.8617,                0.79303,                0.88421,                0.90354,                0.60016,                 0.8148,                0.72436,                0.81768,                 0.3823,                 1.1699,                 1.3172,                0.61793,                 0.8864,               0.001505,               0.001505,               0.001505
                     77,                 1.2022,                 1.4759,                0.62221,                0.86222,                0.80503,                0.88462,                0.90429,                0.57413,                0.79371,                0.73077,                0.81161,                0.37685,                 1.2265,                 1.4305,                0.62713,                0.89675,              0.0014984,              0.0014984,              0.0014984
                     78,                 1.1942,                 1.4372,                0.61162,                 0.8571,                0.76726,                0.89103,                0.90552,                0.57239,                0.75787,                0.69872,                0.78462,                0.36048,                 1.2413,                 1.3671,                0.64031,                0.89694,              0.0014918,              0.0014918,              0.0014918
                     79,                  1.204,                 1.4728,                0.62912,                0.85472,                0.82686,                0.85256,                0.91524,                0.55559,                0.81597,                0.64744,                0.77336,                0.33948,                 1.2606,                 1.4552,                0.65754,                0.89348,              0.0014852,              0.0014852,              0.0014852
                     80,                  1.196,                 1.4333,                0.61627,                0.84832,                0.83846,                0.86538,                0.91507,                0.58463,                0.83362,                0.71154,                0.82234,                0.39111,                 1.1652,                 1.4614,                0.61734,                 0.8857,              0.0014786,              0.0014786,              0.0014786
                     81,                 1.1937,                 1.4224,                0.61657,                0.85094,                0.79056,                 0.8711,                0.90212,                0.57416,                0.78866,                0.71154,                0.78861,                0.34844,                 1.1816,                  1.574,                0.62052,                0.88655,               0.001472,               0.001472,               0.001472
                     82,                 1.2319,                 1.4466,                0.62914,                 0.8509,                0.85507,                0.83333,                0.89903,                0.55627,                0.76292,                0.74262,                0.79933,                0.35325,                 1.2054,                 1.5642,                0.62891,                0.88491,              0.0014654,              0.0014654,              0.0014654
                     83,                 1.2255,                 1.5204,                0.64084,                0.85697,                0.77956,                0.91026,                0.90056,                0.58295,                0.80726,                0.76282,                0.83097,                0.37453,                 1.1709,                 1.4056,                0.60461,                 0.8914,              0.0014588,              0.0014588,              0.0014588
                     84,                 1.2203,                 1.4251,                0.61502,                0.84203,                0.84544,                0.80128,                0.90039,                0.53841,                0.86616,                0.67949,                0.78021,                0.31385,                 1.3487,                 1.5746,                 0.6396,                0.91991,              0.0014522,              0.0014522,              0.0014522
                     85,                 1.2206,                 1.4249,                0.61809,                0.85179,                0.90048,                0.80128,                0.91653,                0.56489,                0.81792,                 0.6911,                0.78796,                0.34389,                 1.2416,                 1.4714,                0.63668,                0.91113,              0.0014456,              0.0014456,              0.0014456
                     86,                 1.2184,                 1.4518,                0.62792,                0.85127,                0.80482,                0.89744,                0.90793,                0.60691,                0.82434,                0.75208,                0.85332,                0.41136,                 1.1405,                  1.269,                0.61866,                0.89686,               0.001439,               0.001439,               0.001439
                     87,                 1.2273,                 1.4732,                0.62132,                0.85044,                0.78673,                0.92224,                0.91453,                  0.614,                0.81859,                0.78102,                0.86419,                0.40615,                 1.1379,                 1.2751,                 0.6037,                0.88658,              0.0014324,              0.0014324,              0.0014324
                     88,                 1.2219,                 1.5151,                0.62197,                0.84563,                0.77406,                0.89103,                0.90966,                 0.5521,                0.80746,                0.69897,                0.80499,                0.33029,                 1.2838,                 1.5309,                0.64202,                0.89258,              0.0014258,              0.0014258,              0.0014258
                     89,                 1.2868,                 1.5183,                0.65391,                0.85364,                0.78617,                0.88462,                0.90453,                0.54086,                0.69161,                0.74359,                0.77482,                0.32769,                 1.3545,                 1.5021,                0.65547,                 0.9062,              0.0014192,              0.0014192,              0.0014192
                     90,                 1.2432,                 1.5838,                0.63598,                0.86291,                0.81253,                0.88462,                0.91038,                0.59042,                0.76299,                0.72436,                0.79729,                0.33926,                 1.1771,                 1.4553,                0.61049,                0.89301,              0.0014126,              0.0014126,              0.0014126
                     91,                 1.2394,                 1.5168,                0.62399,                0.85567,                0.85168,                0.80979,                0.90519,                0.58273,                0.76106,                0.73505,                0.79723,                0.34294,                 1.1844,                 1.4456,                0.61167,                 0.8869,               0.001406,               0.001406,               0.001406
                     92,                 1.1512,                 1.4213,                0.60786,                0.85186,                0.79204,                0.88462,                0.89102,                0.56284,                 0.7254,                0.78846,                0.80081,                0.34168,                 1.2272,                 1.5241,                0.62276,                0.89945,              0.0013994,              0.0013994,              0.0013994
                     93,                 1.2333,                 1.5443,                0.61152,                0.85222,                0.84829,                 0.8141,                0.89434,                0.53129,                0.76246,                0.73077,                0.78178,                0.33208,                 1.3452,                 1.5652,                0.63525,                 0.9086,              0.0013928,              0.0013928,              0.0013928
                     94,                 1.1816,                 1.4774,                0.60822,                0.85458,                0.85024,                0.84615,                0.89908,                0.53431,                0.76278,                0.76282,                 0.7907,                0.33563,                 1.3315,                  1.528,                0.64215,                0.90701,              0.0013862,              0.0013862,              0.0013862
                     95,                 1.1683,                 1.4564,                 0.5955,                0.85704,                0.84276,                0.85894,                0.90611,                0.57918,                0.79712,                0.80769,                0.82988,                 0.3858,                 1.2145,                 1.3777,                0.62308,                0.89789,              0.0013796,              0.0013796,              0.0013796
                     96,                 1.1891,                 1.4528,                0.59931,                0.84544,                0.82499,                0.86538,                0.91363,                0.57718,                0.77652,                0.77957,                0.82179,                0.37099,                 1.2011,                 1.4162,                0.62008,                0.89889,               0.001373,               0.001373,               0.001373
                     97,                 1.2386,                 1.5065,                0.62827,                0.85715,                 0.8769,                0.76923,                 0.8998,                0.51557,                0.71221,                0.73077,                0.76439,                0.30644,                 1.3471,                 1.6809,                0.65913,                0.91242,              0.0013664,              0.0013664,              0.0013664
                     98,                 1.1913,                  1.459,                0.60168,                0.84393,                0.77749,                0.89594,                0.90183,                 0.5457,                0.72154,                0.73718,                0.77689,                0.31977,                 1.2908,                 1.5752,                0.63748,                0.90834,              0.0013598,              0.0013598,              0.0013598
                     99,                 1.2791,                 1.5624,                0.63572,                0.85038,                0.79913,                 0.9181,                0.91065,                0.58503,                 0.7425,                0.75783,                0.80795,                0.35953,                 1.1873,                 1.3198,                0.60535,                0.89648,              0.0013532,              0.0013532,              0.0013532
                    100,                 1.1652,                 1.4622,                0.60481,                0.85103,                0.88292,                0.80769,                0.90129,                0.55334,                0.80334,                0.66667,                0.79198,                0.34134,                 1.3121,                 1.4882,                0.62307,                0.90935,              0.0013466,              0.0013466,              0.0013466
                    101,                 1.2714,                 1.4725,                0.61802,                0.84284,                 0.8814,                0.80991,                0.90196,                0.56588,                0.82847,                0.65021,                0.79136,                0.34367,                  1.233,                 1.5262,                0.60585,                0.90322,                0.00134,                0.00134,                0.00134
                    102,                 1.1604,                 1.4181,                0.58237,                0.84349,                0.89307,                0.80307,                0.89374,                0.59968,                0.82946,                 0.7483,                0.82932,                0.38025,                  1.175,                 1.3326,                0.59574,                0.89928,              0.0013334,              0.0013334,              0.0013334
                    103,                 1.2283,                 1.4274,                0.59959,                0.84651,                0.90277,                0.79487,                0.90035,                0.60145,                0.84569,                0.73776,                0.83401,                0.39263,                 1.1307,                 1.2959,                 0.5876,                0.88882,              0.0013268,              0.0013268,              0.0013268
                    104,                 1.2053,                 1.4381,                0.59937,                 0.8498,                0.88687,                0.79487,                0.89858,                 0.5788,                0.83941,                0.71795,                0.82731,                0.36274,                 1.2351,                 1.3849,                0.60497,                0.89863,              0.0013202,              0.0013202,              0.0013202
                    105,                 1.1995,                 1.4065,                0.59205,                 0.8483,                0.81025,                0.87593,                0.90681,                0.55756,                 0.8096,                0.70513,                0.82095,                0.34648,                 1.3108,                 1.4307,                0.61552,                0.90892,              0.0013136,              0.0013136,              0.0013136
                    106,                 1.1798,                 1.4325,                0.59659,                0.84411,                 0.8124,                0.88834,                0.90945,                0.56345,                0.82203,                0.71154,                0.81101,                0.34984,                 1.2288,                 1.4086,                0.59364,                0.90255,               0.001307,               0.001307,               0.001307
                    107,                 1.2226,                 1.4223,                0.60798,                0.83975,                0.88581,                0.79566,                0.90667,                0.54479,                0.77722,                0.64855,                0.73717,                0.31862,                 1.2783,                 1.6703,                0.61183,                0.90386,              0.0013004,              0.0013004,              0.0013004
                    108,                 1.1924,                 1.4873,                0.59331,                0.83981,                0.78218,                0.89776,                0.91021,                0.55847,                0.74079,                0.71154,                0.76022,                0.33852,                 1.2699,                 1.5865,                0.60736,                0.90516,              0.0012938,              0.0012938,              0.0012938
                    109,                 1.1217,                 1.3901,                0.57279,                0.84145,                0.80729,                0.91305,                0.91068,                0.59174,                0.77408,                0.73077,                0.81524,                0.38571,                 1.1572,                 1.4482,                0.59706,                0.89457,              0.0012872,              0.0012872,              0.0012872
                    110,                 1.1118,                 1.4149,                0.57994,                0.84012,                0.80771,                0.92308,                  0.903,                0.59444,                0.72036,                0.83333,                0.82451,                0.38196,                 1.1382,                   1.38,                0.58211,                0.89204,              0.0012806,              0.0012806,              0.0012806
                    111,                 1.1275,                 1.4206,                0.57077,                0.84194,                0.80259,                0.91214,                0.91033,                0.57075,                0.77024,                   0.75,                0.82171,                0.36721,                 1.2289,                 1.4729,                0.59396,                0.89733,               0.001274,               0.001274,               0.001274
                    112,                 1.1432,                 1.4651,                 0.5868,                0.84983,                0.79237,                0.90517,                0.90941,                0.57051,                 0.7283,                0.75641,                0.79513,                0.35575,                 1.2139,                 1.4763,                0.58859,                0.89317,              0.0012674,              0.0012674,              0.0012674
                    113,                 1.1908,                 1.4656,                0.58517,                0.83653,                0.84203,                0.85426,                0.90475,                0.58987,                0.75226,                0.75913,                0.81945,                0.37418,                 1.1318,                 1.3354,                0.57442,                0.88898,              0.0012608,              0.0012608,              0.0012608
                    114,                 1.1417,                  1.387,                0.58061,                0.83892,                0.79286,                0.91026,                0.90774,                0.60367,                0.75375,                0.76526,                0.82066,                0.38618,                 1.1263,                 1.3426,                0.57289,                0.88879,              0.0012542,              0.0012542,              0.0012542
                    115,                 1.1649,                 1.4359,                0.60966,                0.84194,                 0.7982,                0.86538,                  0.904,                0.56407,                0.72561,                0.72894,                0.78887,                 0.3514,                 1.2503,                 1.4717,                0.59996,                0.89696,              0.0012476,              0.0012476,              0.0012476
                    116,                 1.0986,                 1.3505,                0.57053,                0.83797,                0.81241,                0.87821,                0.90457,                0.59001,                0.70459,                0.82562,                0.81303,                0.36618,                 1.1376,                 1.4253,                 0.5771,                0.88862,               0.001241,               0.001241,               0.001241
                    117,                 1.1563,                 1.4004,                0.57806,                0.84246,                0.83932,                0.85897,                 0.9015,                 0.5867,                0.71919,                0.80128,                0.81469,                0.35305,                 1.1808,                 1.4318,                0.59026,                0.89307,              0.0012344,              0.0012344,              0.0012344
                    118,                 1.1698,                 1.4023,                0.57333,                0.84237,                0.77931,                0.91667,                0.91023,                0.57474,                0.80024,                0.71901,                0.81916,                 0.3527,                 1.2535,                 1.5119,                 0.6144,                 0.8978,              0.0012278,              0.0012278,              0.0012278
                    119,                 1.1242,                 1.3666,                0.56005,                0.83233,                0.79298,                0.90852,                0.90529,                 0.5826,                0.73717,                0.84501,                 0.8415,                 0.3835,                 1.2012,                 1.4279,                0.61018,                0.89041,              0.0012212,              0.0012212,              0.0012212
                    120,                 1.1047,                 1.3597,                0.56697,                0.84087,                0.80753,                0.87179,                0.90026,                0.59555,                0.80657,                0.70513,                0.81167,                0.38103,                 1.1475,                 1.3624,                 0.5983,                0.88904,              0.0012146,              0.0012146,              0.0012146
                    121,                 1.1538,                 1.3578,                0.57442,                0.84269,                0.80194,                0.90844,                 0.9009,                0.58966,                 0.7918,                0.73135,                0.80515,                0.38558,                 1.1472,                  1.422,                0.59125,                  0.895,               0.001208,               0.001208,               0.001208
                    122,                 1.1275,                  1.363,                0.56682,                0.83824,                0.86036,                0.82692,                0.89718,                0.56482,                0.77111,                0.71154,                0.78449,                0.34439,                 1.2255,                 1.5415,                0.60042,                0.89946,              0.0012014,              0.0012014,              0.0012014
                    123,                 1.1706,                 1.3933,                0.58742,                0.84213,                0.81227,                0.91531,                0.90633,                0.58969,                0.74412,                0.83887,                0.82444,                0.36128,                 1.1758,                 1.4077,                0.58636,                0.89499,              0.0011948,              0.0011948,              0.0011948
                    124,                 1.0865,                 1.3347,                0.56528,                0.83833,                 0.8092,                0.92434,                0.90936,                0.59751,                0.72007,                0.82447,                0.81459,                0.38926,                 1.1434,                 1.4043,                0.56992,                0.88739,              0.0011882,              0.0011882,              0.0011882
                    125,                 1.2053,                 1.4213,                0.59185,                0.83682,                0.86182,                0.83957,                0.89859,                0.58464,                0.79167,                0.73077,                0.80246,                0.36246,                 1.1936,                 1.4797,                0.58665,                0.89227,              0.0011816,              0.0011816,              0.0011816
                    126,                 1.1652,                  1.373,                0.58217,                0.83754,                0.86538,                0.78292,                0.89268,                0.48937,                0.71936,                0.70655,                0.74978,                0.30526,                 1.4846,                 1.5515,                0.66221,                 0.9252,               0.001175,               0.001175,               0.001175
                    127,                 1.2378,                 1.3997,                0.60706,                0.84158,                0.89021,                0.77969,                0.89509,                0.45859,                0.72517,                0.65964,                0.72788,                0.27699,                 1.5704,                  1.654,                0.69794,                 0.9358,              0.0011684,              0.0011684,              0.0011684
                    128,                 1.1827,                 1.4039,                0.60245,                0.84104,                0.87614,                0.79487,                0.91133,                0.53165,                0.74419,                0.76457,                0.78942,                0.34716,                 1.3275,                 1.5636,                 0.6514,                0.90639,              0.0011618,              0.0011618,              0.0011618
                    129,                 1.2419,                 1.4135,                0.59947,                 0.8417,                0.81543,                0.90385,                0.91087,                 0.5943,                 0.8102,                   0.75,                0.82754,                0.39999,                 1.1723,                 1.4051,                0.59623,                 0.8921,              0.0011552,              0.0011552,              0.0011552
                    130,                 1.2194,                 1.4443,                0.60855,                0.85302,                0.80385,                0.91026,                0.89859,                0.60061,                0.73496,                0.82051,                0.81818,                0.40989,                  1.157,                 1.4049,                0.58855,                 0.8898,              0.0011486,              0.0011486,              0.0011486
                    131,                 1.1614,                 1.3726,                 0.5826,                0.84929,                0.86272,                0.85256,                0.90649,                0.54548,                0.76759,                0.71985,                0.79322,                0.34338,                 1.3277,                 1.4095,                0.61731,                0.90659,               0.001142,               0.001142,               0.001142
                    132,                 1.1787,                 1.3998,                0.59255,                0.84449,                0.87338,                0.85256,                0.90921,                0.57323,                0.77476,                   0.75,                0.79932,                0.35403,                 1.2117,                 1.4545,                0.59428,                0.89436,              0.0011354,              0.0011354,              0.0011354
                    133,                 1.1403,                 1.4049,                 0.5853,                0.84442,                0.87386,                0.84375,                0.90645,                0.58862,                0.80512,                0.79448,                0.84219,                0.40221,                 1.1232,                 1.4212,                0.57195,                 0.8879,              0.0011288,              0.0011288,              0.0011288
                    134,                 1.1539,                 1.4047,                0.57654,                0.84123,                0.82447,                0.90328,                0.90231,                0.58518,                0.75821,                 0.8141,                0.84243,                0.38664,                  1.151,                 1.3925,                0.58046,                0.89194,              0.0011222,              0.0011222,              0.0011222
                    135,                 1.1873,                 1.4145,                0.58224,                0.83699,                0.83782,                0.82791,                0.89552,                0.53953,                0.81162,                0.64744,                0.76492,                0.33755,                 1.3089,                 1.5247,                0.60882,                0.90874,              0.0011156,              0.0011156,              0.0011156
                    136,                 1.1313,                 1.3366,                0.57692,                0.84026,                0.83471,                 0.8141,                0.88517,                0.51141,                0.74616,                0.66026,                0.74106,                0.31841,                 1.4354,                 1.5083,                0.63122,                0.92194,               0.001109,               0.001109,               0.001109
                    137,                 1.1446,                 1.3482,                0.56613,                0.83174,                0.81237,                0.88815,                0.90043,                 0.5522,                 0.7924,                0.69872,                0.78073,                0.34996,                  1.288,                 1.4601,                0.60448,                0.89784,              0.0011024,              0.0011024,              0.0011024
                    138,                 1.1032,                 1.2912,                0.55477,                0.83428,                0.84762,                0.89141,                0.91301,                  0.577,                0.69325,                0.78229,                0.78761,                0.35264,                    1.2,                 1.5076,                0.59011,                0.89153,              0.0010958,              0.0010958,              0.0010958
                    139,                 1.1171,                 1.3507,                0.55519,                0.83351,                0.89869,                0.80769,                0.90978,                0.53813,                0.79121,                0.71154,                 0.7892,                0.31961,                  1.332,                 1.5833,                0.61927,                0.90757,              0.0010892,              0.0010892,              0.0010892
                    140,                 1.1299,                 1.3803,                0.57186,                0.84495,                0.83665,                0.92308,                0.92102,                0.58027,                0.79843,                0.76282,                0.82398,                0.36235,                 1.2144,                 1.4827,                0.59414,                0.89251,              0.0010826,              0.0010826,              0.0010826
                    141,                 1.0638,                 1.3319,                0.55072,                0.83739,                0.85771,                0.88873,                0.92102,                0.58652,                0.78503,                   0.75,                0.81822,                0.37903,                 1.1959,                 1.4429,                0.58755,                0.88994,               0.001076,               0.001076,               0.001076
                    142,                 1.0498,                 1.2641,                0.53621,                0.83669,                0.86776,                0.84127,                0.90967,                0.58158,                0.77151,                0.73593,                0.80551,                0.36658,                 1.2286,                 1.3741,                0.58555,                0.89479,              0.0010694,              0.0010694,              0.0010694
                    143,                  1.054,                 1.2962,                0.54024,                0.83368,                0.87957,                0.84275,                 0.9139,                0.59392,                0.77094,                0.73077,                 0.7992,                0.37649,                 1.2043,                 1.4135,                0.57457,                0.89157,              0.0010628,              0.0010628,              0.0010628
                    144,                 1.0527,                 1.3102,                0.53797,                0.82802,                0.86845,                0.82051,                0.90276,                 0.5843,                0.78193,                0.73718,                0.80203,                0.35894,                 1.1924,                  1.476,                0.57185,                0.89093,              0.0010562,              0.0010562,              0.0010562
                    145,                 1.0924,                 1.3462,                0.56184,                0.83129,                0.90607,                 0.8039,                 0.9136,                0.58914,                0.71088,                0.78806,                0.80469,                0.35655,                 1.1787,                 1.4142,                0.57898,                 0.8878,              0.0010496,              0.0010496,              0.0010496
                    146,                  1.097,                 1.3998,                 0.5538,                0.83926,                0.86193,                0.85256,                0.90974,                0.57203,                0.70907,                0.78846,                0.80645,                0.35832,                 1.2103,                 1.4231,                0.58368,                0.89101,               0.001043,               0.001043,               0.001043
                    147,                 1.0807,                 1.2945,                0.54345,                0.82812,                0.78854,                0.89103,                0.90453,                0.54615,                0.81697,                0.64744,                0.75734,                0.33393,                 1.2822,                 1.4071,                0.60416,                0.89902,              0.0010364,              0.0010364,              0.0010364
                    148,                 1.0948,                 1.3506,                0.55106,                0.83406,                0.79132,                0.88462,                0.90809,                0.57638,                 0.8371,                0.65881,                0.77513,                0.35879,                 1.2129,                 1.3576,                0.59199,                0.89655,              0.0010298,              0.0010298,              0.0010298
                    149,                 1.1168,                 1.3417,                0.55371,                0.83427,                0.88607,                0.82051,                0.90784,                0.56981,                0.80136,                 0.7241,                 0.7959,                0.38643,                 1.2094,                 1.4894,                0.57893,                0.89629,              0.0010232,              0.0010232,              0.0010232
                    150,                 1.1229,                 1.3029,                0.54648,                0.83161,                 0.8966,                0.82692,                0.90594,                0.55473,                0.80856,                0.74359,                0.81526,                0.38431,                 1.2352,                 1.5567,                0.58217,                 0.8984,              0.0010166,              0.0010166,              0.0010166
                    151,                 1.0931,                 1.2935,                0.54858,                0.83318,                 0.8304,                0.87883,                0.90137,                0.57979,                0.75222,                0.79789,                 0.8126,                0.36354,                 1.1958,                 1.4526,                0.57839,                0.89202,                0.00101,                0.00101,                0.00101
                    152,                  1.048,                  1.265,                0.53303,                0.83063,                0.82646,                0.91583,                0.90616,                0.57817,                0.74228,                0.79391,                0.79337,                0.34209,                 1.2099,                 1.4808,                0.57855,                0.89324,              0.0010034,              0.0010034,              0.0010034
                    153,                 1.0932,                 1.3026,                0.54689,                0.83573,                 0.8246,                0.90411,                0.90437,                0.57907,                  0.751,                0.78846,                0.79984,                0.35348,                 1.1949,                 1.5884,                0.58488,                0.89332,              0.0009968,              0.0009968,              0.0009968
                    154,                   1.01,                 1.2822,                0.52336,                0.82195,                0.82731,                0.89744,                0.90381,                0.56682,                 0.7697,                0.80128,                0.81387,                 0.3669,                 1.2302,                 1.6195,                0.58557,                0.89694,              0.0009902,              0.0009902,              0.0009902
                    155,                  1.038,                 1.2409,                0.53242,                0.82784,                0.82232,                0.90385,                0.90875,                0.56914,                0.72018,                0.77543,                0.79373,                0.35782,                 1.2176,                 1.4841,                0.58377,                0.90154,              0.0009836,              0.0009836,              0.0009836
                    156,                 1.0468,                 1.2614,                0.52826,                0.82992,                0.82013,                0.90385,                0.90893,                0.55612,                0.79686,                 0.6859,                0.78479,                0.34119,                 1.2626,                 1.6617,                0.58718,                0.90539,               0.000977,               0.000977,               0.000977
                    157,                 1.0599,                 1.2673,                0.52778,                0.82829,                0.82708,                0.90385,                0.90844,                 0.5696,                0.80553,                0.66382,                0.77291,                0.33986,                 1.2138,                 1.5383,                0.59438,                0.89655,              0.0009704,              0.0009704,              0.0009704
                    158,                 1.1709,                 1.5758,                0.58925,                0.84775,                0.81349,                0.90385,                0.91011,                0.57953,                0.74293,                0.71154,                0.77046,                0.34797,                 1.1743,                 1.4459,                0.58527,                0.89409,              0.0009638,              0.0009638,              0.0009638
                    159,                 1.0751,                 1.3301,                0.53257,                0.82901,                0.80344,                0.91026,                0.90525,                 0.5599,                0.71611,                0.72436,                0.75888,                0.34121,                 1.1943,                 1.4656,                0.59107,                0.89427,              0.0009572,              0.0009572,              0.0009572
                    160,                 1.1064,                  1.349,                0.55335,                0.83341,                0.80606,                0.91667,                0.91134,                0.54272,                0.74692,                0.73784,                0.78199,                0.33732,                 1.2985,                 1.6167,                0.59695,                0.89779,              0.0009506,              0.0009506,              0.0009506
                    161,                 1.0907,                 1.3221,                0.56916,                 0.8366,                0.79454,                0.89744,                  0.909,                0.53735,                0.81018,                0.71134,                 0.8051,                0.34388,                 1.3303,                 1.5597,                0.59838,                0.90257,               0.000944,               0.000944,               0.000944
                    162,                 1.0671,                 1.3023,                0.53655,                0.83192,                0.81473,                0.87821,                0.90413,                0.57711,                0.71978,                0.76923,                0.78361,                0.34639,                 1.2126,                 1.4168,                0.58924,                0.89394,              0.0009374,              0.0009374,              0.0009374
                    163,                 1.0629,                 1.2393,                0.52988,                0.82864,                0.82112,                0.88279,                 0.9054,                0.53594,                0.82375,                0.67949,                 0.7947,                0.34372,                 1.3272,                 1.5426,                0.59849,                0.90871,              0.0009308,              0.0009308,              0.0009308
                    164,                 1.0344,                 1.2774,                0.52368,                0.83318,                0.81553,                 0.8785,                0.90624,                0.52353,                0.80499,                0.69231,                0.78695,                0.33866,                 1.3755,                 1.4557,                0.61341,                0.91461,              0.0009242,              0.0009242,              0.0009242
                    165,                 1.0437,                 1.2741,                0.52831,                0.83231,                0.83311,                0.89597,                0.90753,                0.57154,                 0.7231,                0.76923,                0.79891,                0.35849,                 1.2445,                 1.3407,                0.59543,                0.90008,              0.0009176,              0.0009176,              0.0009176
                    166,                 1.0673,                 1.2845,                0.53625,                0.83034,                  0.821,                0.91143,                0.90976,                0.60758,                0.83395,                0.71795,                0.81821,                0.38915,                 1.1551,                 1.3889,                0.56696,                0.88735,               0.000911,               0.000911,               0.000911
                    167,                 1.0853,                 1.2945,                0.54377,                0.82413,                0.80694,                0.90385,                0.90189,                0.60912,                0.82786,                0.72436,                0.82289,                0.37414,                  1.147,                 1.4393,                0.56598,                0.88594,              0.0009044,              0.0009044,              0.0009044
                    168,                 1.0751,                 1.2936,                0.53554,                0.82706,                0.82635,                0.89744,                 0.9091,                0.59357,                0.81913,                0.72436,                0.80927,                0.35434,                 1.1614,                 1.3677,                0.56074,                0.89109,              0.0008978,              0.0008978,              0.0008978
                    169,                 1.1057,                  1.342,                0.54399,                0.83106,                0.83775,                0.91026,                0.91287,                0.60239,                0.78138,                0.77897,                0.82579,                0.36452,                 1.1531,                 1.3476,                0.57046,                0.89037,              0.0008912,              0.0008912,              0.0008912
                    170,                 1.0455,                 1.2585,                0.52288,                0.82412,                0.83041,                0.91667,                0.90684,                0.60676,                0.77086,                0.84105,                0.84589,                0.39276,                 1.1061,                 1.3963,                0.56584,                0.88631,              0.0008846,              0.0008846,              0.0008846
                    171,                 1.0439,                 1.2621,                0.52147,                0.83336,                0.83419,                0.87075,                0.89672,                0.57623,                 0.7964,                0.70207,                0.79233,                0.33754,                 1.1965,                 1.3991,                0.58676,                0.89498,               0.000878,               0.000878,               0.000878
                    172,                0.98457,                 1.1799,                0.50597,                 0.8249,                0.84564,                0.87792,                0.90508,                0.58783,                 0.8004,                0.70513,                0.78466,                0.34693,                 1.1737,                 1.3885,                0.56991,                 0.8954,              0.0008714,              0.0008714,              0.0008714
                    173,                0.99637,                 1.2476,                0.50736,                0.83034,                0.81474,                0.90212,                0.90439,                0.58688,                0.81994,                0.72975,                0.81452,                0.39333,                 1.1839,                 1.5064,                0.55751,                0.89943,              0.0008648,              0.0008648,              0.0008648
                    174,                 1.0308,                 1.2458,                0.51251,                 0.8276,                0.82695,                0.91899,                0.91586,                0.59475,                 0.8231,                0.71584,                0.81173,                0.39609,                 1.1774,                 1.5338,                0.55969,                0.89761,              0.0008582,              0.0008582,              0.0008582
                    175,                 1.0403,                 1.2183,                0.52017,                0.82855,                0.86371,                0.87179,                0.91593,                0.59645,                0.76042,                0.76923,                 0.8116,                 0.3706,                 1.1911,                 1.4708,                0.56219,                0.90122,              0.0008516,              0.0008516,              0.0008516
                    176,                 1.0303,                 1.2285,                0.51789,                0.83019,                0.86803,                0.87179,                0.92476,                0.58331,                 0.7927,                0.71154,                0.79665,                  0.344,                 1.2448,                 1.5411,                0.56974,                0.90334,               0.000845,               0.000845,               0.000845
                    177,                0.97515,                 1.2209,                0.50545,                0.82558,                0.84177,                0.92078,                0.92608,                0.56881,                0.73603,                0.80431,                0.81762,                0.35712,                 1.2377,                  1.603,                0.57504,                0.90003,              0.0008384,              0.0008384,              0.0008384
                    178,                 1.0965,                 1.3319,                0.53453,                0.83121,                0.83117,                0.91519,                0.91884,                0.59032,                0.76956,                0.71795,                0.77511,                0.35116,                  1.209,                 1.5382,                0.56903,                0.89843,              0.0008318,              0.0008318,              0.0008318
                    179,                 1.0456,                 1.2882,                0.51624,                0.82005,                0.85702,                0.84532,                0.90758,                0.54297,                0.75789,                0.74359,                 0.8023,                0.32943,                 1.3211,                 1.5226,                0.60056,                0.91639,              0.0008252,              0.0008252,              0.0008252
                    180,                 1.0991,                 1.3176,                0.55967,                0.83156,                0.80811,                0.91788,                0.91028,                0.54313,                0.76614,                0.74359,                0.80499,                0.35084,                 1.3124,                 1.5684,                0.59516,                0.91093,              0.0008186,              0.0008186,              0.0008186
                    181,                 1.0297,                 1.2436,                0.51847,                0.82699,                0.89553,                0.84615,                 0.9221,                0.56365,                0.78683,                0.74359,                0.79924,                0.37046,                 1.2698,                 1.5484,                0.58675,                0.90493,               0.000812,               0.000812,               0.000812
                    182,                 1.0263,                 1.2548,                0.50956,                0.82467,                0.82961,                0.90515,                0.91862,                0.56742,                0.82496,                0.69872,                0.78899,                0.34905,                 1.2739,                 1.4446,                 0.5847,                 0.9104,              0.0008054,              0.0008054,              0.0008054
                    183,                 1.0807,                 1.2785,                0.52981,                0.82553,                0.88592,                0.82051,                 0.9124,                0.53689,                0.85269,                0.66667,                0.77424,                0.33628,                 1.3627,                 1.4443,                0.59812,                0.92044,              0.0007988,              0.0007988,              0.0007988
                    184,                 1.0259,                   1.27,                0.50907,                0.82105,                0.92529,                0.79397,                0.91044,                0.55028,                0.87335,                0.65385,                0.77681,                0.33258,                 1.3173,                 1.4986,                 0.5814,                0.91535,              0.0007922,              0.0007922,              0.0007922
                    185,                 1.0325,                 1.2393,                0.51125,                0.82791,                0.80815,                 0.9181,                0.91734,                0.58769,                0.81811,                0.69872,                0.79479,                0.36398,                 1.2073,                 1.4406,                0.56227,                0.90452,              0.0007856,              0.0007856,              0.0007856
                    186,                 1.0382,                 1.2631,                0.51599,                0.82513,                0.82062,                0.90909,                0.91913,                0.60972,                0.82035,                0.71795,                0.80159,                0.38643,                 1.1515,                 1.3647,                0.55041,                0.89763,               0.000779,               0.000779,               0.000779
                    187,                 1.0174,                 1.2044,                0.50309,                0.82247,                 0.9409,                0.79487,                0.91736,                0.54283,                0.80696,                0.67949,                0.76886,                0.33756,                 1.3523,                 1.5265,                0.57968,                 0.9174,              0.0007724,              0.0007724,              0.0007724
